 NUM,...Nombre...,.PV.,.VAA,.TAA,#Uni,Tipo,....Pot,.FPMed.,.QMin..,.QMax..,.VMin..,.VMax..,.VInic.,Min.V+T,..VNC..,..ICP..,...IH..,..FP1..,..Vol1.,..FP2..,..Vol2.,..FP3..,..Vol3.,..FP4..,..Vol4.,..FP5..,..Vol5.,.Area1.,..Vol1.,.Area2.,..Vol2.,.Area3.,..Vol3.,.Area4.,..Vol4.,.Area5.,..Vol5.,.Filt1.,..Vol1.,.Filt2.,..Vol2.,.Filt3.,..Vol3.,.Filt4.,..Vol4.,.Filt5.,..Vol5.,.Cota1.,.Vol1..,.Cota2.,.Vol2..,.Cota3.,.Vol3..,.Cota4.,.Vol4..,.Cota5.,.Vol5..,.Ev1,.Ev2,.Ev3,.Ev4,.Ev5,.Ev6,.Ev7,.Ev8,.Ev9,Ev10,Ev11,Ev12,tini,tfil,.faa,tare,.varea.,tfil,.vfiltr,F.Reg..,pVar,.ICV,C.Vert.,sfal,Cos.O&M,Irxh,RendT&G,.EA.,Niv.Jus,I,JuAr,I,.TurIn1,.TotIn1,.TurIn2,.TotIn2,.TurIn3,.TotIn3,.TurIn4,.TotIn4,.TurIn5,.TotIn5,H,V,.CFuga1,..Def1.,.CFuga2,..Def2.,.CFuga3,..Def3.,.CFuga4,..Def4.,.CFuga5,..Def5.,E,PHidTur,PHidVer
101.0000,Tarbela,101.0000,0,0,1,0,3478.0000,1,0,3478.0000,500,500,1,0,0,0,0,0,,0,,0,,0,,0,,0,,0,,0,,0,,0,,0,0,0,0,0,0,0,0,0,0,0,0,0,0,0,0,0,0,0,0,0,0,0,0,0,0,0,0,0,0,0,0,0,,0,0,0,0,0,0.8,0,0,0,0,761.7857142857143,0,0,0,0,,0,0,0,0,0,0,0,0,0,0,0,0,0,0,0,0,0,0,0,0,0,0,0,0,0,0,0
126.0000,Tarbela-IV,126.0000,0,0,1,0,1410.0000,1,0,1410.0000,500,500,1,0,0,0,0,0,,0,,0,,0,,0,,0,,0,,0,,0,,0,,0,0,0,0,0,0,0,0,0,0,0,0,0,0,0,0,0,0,0,0,0,0,0,0,0,0,0,0,0,0,0,0,0,,0,0,0,0,0,0.8,0,0,0,0,840.2142857142858,0,0,0,0,,0,0,0,0,0,0,0,0,0,0,0,0,0,0,0,0,0,0,0,0,0,0,0,0,0,0,0
104.0000,GhaziBarotha,104.0000,0,0,1,0,1450.0000,1,0,1450.0000,500,500,1,0,0,0,0,0,,0,,0,,0,,0,,0,,0,,0,,0,,0,,0,0,0,0,0,0,0,0,0,0,0,0,0,0,0,0,0,0,0,0,0,0,0,0,0,0,0,0,0,0,0,0,0,,0,0,0,0,0,0.8,0,0,0,0,799.7142857142858,0,0,0,0,,0,0,0,0,0,0,0,0,0,0,0,0,0,0,0,0,0,0,0,0,0,0,0,0,0,0,0
161.0000,NJehlum,161.0000,0,0,1,0,969.0000,1,0,969.0000,500,500,1,0,0,0,0,0,,0,,0,,0,,0,,0,,0,,0,,0,,0,,0,0,0,0,0,0,0,0,0,0,0,0,0,0,0,0,0,0,0,0,0,0,0,0,0,0,0,0,0,0,0,0,0,,0,0,0,0,0,0.8,0,0,0,0,345.9095963442498,0,0,0,0,,0,0,0,0,0,0,0,0,0,0,0,0,0,0,0,0,0,0,0,0,0,0,0,0,0,0,0
233.0000,Ranolia,233.0000,0,0,1,0,16.6300,1,0,16.6300,500,500,1,0,0,0,0,0,,0,,0,,0,,0,,0,,0,,0,,0,,0,,0,0,0,0,0,0,0,0,0,0,0,0,0,0,0,0,0,0,0,0,0,0,0,0,0,0,0,0,0,0,0,0,0,,0,0,0,0,0,0.8,0,0,0,0,174.7983898412873,0,0,0,0,,0,0,0,0,0,0,0,0,0,0,0,0,0,0,0,0,0,0,0,0,0,0,0,0,0,0,0
238.0000,JagranIII,238.0000,0,0,1,1,35.0000,1,0,35.0000,500,500,1,0,0,0,0,0,,0,,0,,0,,0,,0,,0,,0,,0,,0,,0,0,0,0,0,0,0,0,0,0,0,0,0,0,0,0,0,0,0,0,0,0,0,0,0,0,0,0,0,0,0,0,0,,0,0,0,0,0,0.8,0,0,0,0,0,0,0,0,0,,0,0,0,0,0,0,0,0,0,0,0,0,0,0,0,0,0,0,0,0,0,0,0,0,0,0,0
245.0000,Daral Khwar,245.0000,0,0,1,0,36.6000,1,0,36.6000,500,500,1,0,0,0,0,0,,0,,0,,0,,0,,0,,0,,0,,0,,0,,0,0,0,0,0,0,0,0,0,0,0,0,0,0,0,0,0,0,0,0,0,0,0,0,0,0,0,0,0,0,0,0,0,,0,0,0,0,0,0.8,0,0,0,0,132.06685656476535,0,0,0,0,,0,0,0,0,0,0,0,0,0,0,0,0,0,0,0,0,0,0,0,0,0,0,0,0,0,0,0
107.0000,AllaiKhwar,107.0000,0,0,1,0,121.0000,1,0,121.0000,500,500,1,0,0,0,0,0,,0,,0,,0,,0,,0,,0,,0,,0,,0,,0,0,0,0,0,0,0,0,0,0,0,0,0,0,0,0,0,0,0,0,0,0,0,0,0,0,0,0,0,0,0,0,0,,0,0,0,0,0,0.8,0,0,0,0,905.7857142857144,0,0,0,0,,0,0,0,0,0,0,0,0,0,0,0,0,0,0,0,0,0,0,0,0,0,0,0,0,0,0,0
106.0000,KhanKhwar,106.0000,0,0,1,0,72.0000,1,0,72.0000,500,500,1,0,0,0,0,0,,0,,0,,0,,0,,0,,0,,0,,0,,0,,0,0,0,0,0,0,0,0,0,0,0,0,0,0,0,0,0,0,0,0,0,0,0,0,0,0,0,0,0,0,0,0,0,,0,0,0,0,0,0.8,0,0,0,0,983.5714285714287,0,0,0,0,,0,0,0,0,0,0,0,0,0,0,0,0,0,0,0,0,0,0,0,0,0,0,0,0,0,0,0
108.0000,DubairKhwar,108.0000,0,0,1,0,130.0000,1,0,130.0000,500,500,1,0,0,0,0,0,,0,,0,,0,,0,,0,,0,,0,,0,,0,,0,0,0,0,0,0,0,0,0,0,0,0,0,0,0,0,0,0,0,0,0,0,0,0,0,0,0,0,0,0,0,0,0,,0,0,0,0,0,0.8,0,0,0,0,960.4285714285716,0,0,0,0,,0,0,0,0,0,0,0,0,0,0,0,0,0,0,0,0,0,0,0,0,0,0,0,0,0,0,0
103.0000,Mangla,103.0000,0,0,1,0,1000.0000,1,0,1000.0000,500,500,1,0,0,0,0,0,,0,,0,,0,,0,,0,,0,,0,,0,,0,,0,0,0,0,0,0,0,0,0,0,0,0,0,0,0,0,0,0,0,0,0,0,0,0,0,0,0,0,0,0,0,0,0,,0,0,0,0,0,0.8,0,0,0,0,132.42857142857144,0,0,0,0,,0,0,0,0,0,0,0,0,0,0,0,0,0,0,0,0,0,0,0,0,0,0,0,0,0,0,0
102.0000,Warsak,102.0000,0,0,1,0,243.0000,1,0,243.0000,500,500,1,0,0,0,0,0,,0,,0,,0,,0,,0,,0,,0,,0,,0,,0,0,0,0,0,0,0,0,0,0,0,0,0,0,0,0,0,0,0,0,0,0,0,0,0,0,0,0,0,0,0,0,0,,0,0,0,0,0,0.8,0,0,0,0,788.7857142857143,0,0,0,0,,0,0,0,0,0,0,0,0,0,0,0,0,0,0,0,0,0,0,0,0,0,0,0,0,0,0,0
109.0000,JinnLowHead,109.0000,0,0,1,0,96.0000,1,0,96.0000,500,500,1,0,0,0,0,0,,0,,0,,0,,0,,0,,0,,0,,0,,0,,0,0,0,0,0,0,0,0,0,0,0,0,0,0,0,0,0,0,0,0,0,0,0,0,0,0,0,0,0,0,0,0,0,,0,0,0,0,0,0.8,0,0,0,0,889.7142857142858,0,0,0,0,,0,0,0,0,0,0,0,0,0,0,0,0,0,0,0,0,0,0,0,0,0,0,0,0,0,0,0
105.0000,ChshmaLowHd,105.0000,0,0,1,0,184.0000,1,0,184.0000,500,500,1,0,0,0,0,0,,0,,0,,0,,0,,0,,0,,0,,0,,0,,0,0,0,0,0,0,0,0,0,0,0,0,0,0,0,0,0,0,0,0,0,0,0,0,0,0,0,0,0,0,0,0,0,,0,0,0,0,0,0.8,0,0,0,0,836.3571428571429,0,0,0,0,,0,0,0,0,0,0,0,0,0,0,0,0,0,0,0,0,0,0,0,0,0,0,0,0,0,0,0
111.0000,Jagran_AJK,111.0000,0,0,1,0,30.0000,1,0,30.0000,500,500,1,0,0,0,0,0,,0,,0,,0,,0,,0,,0,,0,,0,,0,,0,0,0,0,0,0,0,0,0,0,0,0,0,0,0,0,0,0,0,0,0,0,0,0,0,0,0,0,0,0,0,0,0,,0,0,0,0,0,0.8,0,0,0,0,257.1428571428571,0,0,0,0,,0,0,0,0,0,0,0,0,0,0,0,0,0,0,0,0,0,0,0,0,0,0,0,0,0,0,0
114.0000,StrHP_Ptrind,114.0000,0,0,1,0,147.0000,1,0,147.0000,500,500,1,0,0,0,0,0,,0,,0,,0,,0,,0,,0,,0,,0,,0,,0,0,0,0,0,0,0,0,0,0,0,0,0,0,0,0,0,0,0,0,0,0,0,0,0,0,0,0,0,0,0,0,0,,0,0,0,0,0,0.8,0,0,0,0,95.3687592022487,0,0,0,0,,0,0,0,0,0,0,0,0,0,0,0,0,0,0,0,0,0,0,0,0,0,0,0,0,0,0,0
125.0000,Golen Gol,125.0000,0,0,1,0,106.0000,1,0,106.0000,500,500,1,0,0,0,0,0,,0,,0,,0,,0,,0,,0,,0,,0,,0,,0,0,0,0,0,0,0,0,0,0,0,0,0,0,0,0,0,0,0,0,0,0,0,0,0,0,0,0,0,0,0,0,0,,0,0,0,0,0,0.8,0,0,0,0,889.0714285714287,0,0,0,0,,0,0,0,0,0,0,0,0,0,0,0,0,0,0,0,0,0,0,0,0,0,0,0,0,0,0,0
112.0000,Malakand-III,112.0000,0,0,1,0,81.0000,1,0,81.0000,500,500,1,0,0,0,0,0,,0,,0,,0,,0,,0,,0,,0,,0,,0,,0,0,0,0,0,0,0,0,0,0,0,0,0,0,0,0,0,0,0,0,0,0,0,0,0,0,0,0,0,0,0,0,0,,0,0,0,0,0,0.8,0,0,0,0,218.16507238883145,0,0,0,0,,0,0,0,0,0,0,0,0,0,0,0,0,0,0,0,0,0,0,0,0,0,0,0,0,0,0,0
113.0000,Laraib_Esc,113.0000,0,0,1,0,84.0000,1,0,84.0000,500,500,1,0,0,0,0,0,,0,,0,,0,,0,,0,,0,,0,,0,,0,,0,0,0,0,0,0,0,0,0,0,0,0,0,0,0,0,0,0,0,0,0,0,0,0,0,0,0,0,0,0,0,0,0,,0,0,0,0,0,0.8,0,0,0,0,219.08785739090172,0,0,0,0,,0,0,0,0,0,0,0,0,0,0,0,0,0,0,0,0,0,0,0,0,0,0,0,0,0,0,0
110.0000,SW<25MW,110.0000,0,0,1,0,128.0000,1,0,128.0000,500,500,1,0,0,0,0,0,,0,,0,,0,,0,,0,,0,,0,,0,,0,,0,0,0,0,0,0,0,0,0,0,0,0,0,0,0,0,0,0,0,0,0,0,0,0,0,0,0,0,0,0,0,0,0,,0,0,0,0,0,0.8,0,0,0,0,911.4428571428572,0,0,0,0,,0,0,0,0,0,0,0,0,0,0,0,0,0,0,0,0,0,0,0,0,0,0,0,0,0,0,0
115.0000,Mira_Gulpur,115.0000,0,0,1,1,97.0000,1,0,97.0000,500,500,1,0,0,0,0,0,,0,,0,,0,,0,,0,,0,,0,,0,,0,,0,0,0,0,0,0,0,0,0,0,0,0,0,0,0,0,0,0,0,0,0,0,0,0,0,0,0,0,0,0,0,0,0,,0,0,0,0,0,0.8,0,0,0,0,0,0,0,0,0,,0,0,0,0,0,0,0,0,0,0,0,0,0,0,0,0,0,0,0,0,0,0,0,0,0,0,0
117.0000,Karot_Power,117.0000,0,0,1,1,712.8000,1,0,712.8000,500,500,1,0,0,0,0,0,,0,,0,,0,,0,,0,,0,,0,,0,,0,,0,0,0,0,0,0,0,0,0,0,0,0,0,0,0,0,0,0,0,0,0,0,0,0,0,0,0,0,0,0,0,0,0,,0,0,0,0,0,0.8,0,0,0,0,0,0,0,0,0,,0,0,0,0,0,0,0,0,0,0,0,0,0,0,0,0,0,0,0,0,0,0,0,0,0,0,0
118.0000,S.K Hydro,118.0000,0,0,1,1,861.0000,1,0,861.0000,500,500,1,0,0,0,0,0,,0,,0,,0,,0,,0,,0,,0,,0,,0,,0,0,0,0,0,0,0,0,0,0,0,0,0,0,0,0,0,0,0,0,0,0,0,0,0,0,0,0,0,0,0,0,0,,0,0,0,0,0,0.8,0,0,0,0,0,0,0,0,0,,0,0,0,0,0,0,0,0,0,0,0,0,0,0,0,0,0,0,0,0,0,0,0,0,0,0,0
122.0000,Kohala,122.0000,0,0,1,1,1124.0000,1,0,1124.0000,500,500,1,0,0,0,0,0,,0,,0,,0,,0,,0,,0,,0,,0,,0,,0,0,0,0,0,0,0,0,0,0,0,0,0,0,0,0,0,0,0,0,0,0,0,0,0,0,0,0,0,0,0,0,0,,0,0,0,0,0,0.8,0,0,0,0,0,0,0,0,0,,0,0,0,0,0,0,0,0,0,0,0,0,0,0,0,0,0,0,0,0,0,0,0,0,0,0,0
127.0000,Keyal Khwar,127.0000,0,0,1,1,122.0000,1,0,122.0000,500,500,1,0,0,0,0,0,,0,,0,,0,,0,,0,,0,,0,,0,,0,,0,0,0,0,0,0,0,0,0,0,0,0,0,0,0,0,0,0,0,0,0,0,0,0,0,0,0,0,0,0,0,0,0,,0,0,0,0,0,0.8,0,0,0,0,0,0,0,0,0,,0,0,0,0,0,0,0,0,0,0,0,0,0,0,0,0,0,0,0,0,0,0,0,0,0,0,0
128.0000,DASU-I,128.0000,0,0,1,1,2160.0000,1,0,2160.0000,500,500,1,0,0,0,0,0,,0,,0,,0,,0,,0,,0,,0,,0,,0,,0,0,0,0,0,0,0,0,0,0,0,0,0,0,0,0,0,0,0,0,0,0,0,0,0,0,0,0,0,0,0,0,0,,0,0,0,0,0,0.8,0,0,0,0,0,0,0,0,0,,0,0,0,0,0,0,0,0,0,0,0,0,0,0,0,0,0,0,0,0,0,0,0,0,0,0,0
129.0000,DiamerBhasha,129.0000,0,0,1,1,4500.0000,1,0,4500.0000,500,500,1,0,0,0,0,0,,0,,0,,0,,0,,0,,0,,0,,0,,0,,0,0,0,0,0,0,0,0,0,0,0,0,0,0,0,0,0,0,0,0,0,0,0,0,0,0,0,0,0,0,0,0,0,,0,0,0,0,0,0.8,0,0,0,0,0,0,0,0,0,,0,0,0,0,0,0,0,0,0,0,0,0,0,0,0,0,0,0,0,0,0,0,0,0,0,0,0
189.0000,Tarbela_V,189.0000,0,0,1,1,1410.0000,1,0,1410.0000,500,500,1,0,0,0,0,0,,0,,0,,0,,0,,0,,0,,0,,0,,0,,0,0,0,0,0,0,0,0,0,0,0,0,0,0,0,0,0,0,0,0,0,0,0,0,0,0,0,0,0,0,0,0,0,,0,0,0,0,0,0.8,0,0,0,0,0,0,0,0,0,,0,0,0,0,0,0,0,0,0,0,0,0,0,0,0,0,0,0,0,0,0,0,0,0,0,0,0
190.0000,Kotli,190.0000,0,0,1,0,97.0000,1,0,97.0000,500,500,1,0,0,0,0,0,,0,,0,,0,,0,,0,,0,,0,,0,,0,,0,0,0,0,0,0,0,0,0,0,0,0,0,0,0,0,0,0,0,0,0,0,0,0,0,0,0,0,0,0,0,0,0,,0,0,0,0,0,0.8,0,0,0,0,106.48674655501897,0,0,0,0,,0,0,0,0,0,0,0,0,0,0,0,0,0,0,0,0,0,0,0,0,0,0,0,0,0,0,0
221.0000,Spat Gah,221.0000,0,0,1,1,496.0000,1,0,496.0000,500,500,1,0,0,0,0,0,,0,,0,,0,,0,,0,,0,,0,,0,,0,,0,0,0,0,0,0,0,0,0,0,0,0,0,0,0,0,0,0,0,0,0,0,0,0,0,0,0,0,0,0,0,0,0,,0,0,0,0,0,0.8,0,0,0,0,0,0,0,0,0,,0,0,0,0,0,0,0,0,0,0,0,0,0,0,0,0,0,0,0,0,0,0,0,0,0,0,0
220.0000,Pallas,220.0000,0,0,1,1,665.0000,1,0,665.0000,500,500,1,0,0,0,0,0,,0,,0,,0,,0,,0,,0,,0,,0,,0,,0,0,0,0,0,0,0,0,0,0,0,0,0,0,0,0,0,0,0,0,0,0,0,0,0,0,0,0,0,0,0,0,0,,0,0,0,0,0,0.8,0,0,0,0,0,0,0,0,0,,0,0,0,0,0,0,0,0,0,0,0,0,0,0,0,0,0,0,0,0,0,0,0,0,0,0,0
194.0000,Kaigah_HPP,194.0000,0,0,1,0,548.0000,1,0,548.0000,500,500,1,0,0,0,0,0,,0,,0,,0,,0,,0,,0,,0,,0,,0,,0,0,0,0,0,0,0,0,0,0,0,0,0,0,0,0,0,0,0,0,0,0,0,0,0,0,0,0,0,0,0,0,0,,0,0,0,0,0,0.8,0,0,0,0,36.4384440882006,0,0,0,0,,0,0,0,0,0,0,0,0,0,0,0,0,0,0,0,0,0,0,0,0,0,0,0,0,0,0,0
196.0000,Mahl_HPP,196.0000,0,0,1,1,590.0000,1,0,590.0000,500,500,1,0,0,0,0,0,,0,,0,,0,,0,,0,,0,,0,,0,,0,,0,0,0,0,0,0,0,0,0,0,0,0,0,0,0,0,0,0,0,0,0,0,0,0,0,0,0,0,0,0,0,0,0,,0,0,0,0,0,0.8,0,0,0,0,0,0,0,0,0,,0,0,0,0,0,0,0,0,0,0,0,0,0,0,0,0,0,0,0,0,0,0,0,0,0,0,0
201.0000,AP_HPP,201.0000,0,0,1,1,640.0000,1,0,640.0000,500,500,1,0,0,0,0,0,,0,,0,,0,,0,,0,,0,,0,,0,,0,,0,0,0,0,0,0,0,0,0,0,0,0,0,0,0,0,0,0,0,0,0,0,0,0,0,0,0,0,0,0,0,0,0,,0,0,0,0,0,0.8,0,0,0,0,0,0,0,0,0,,0,0,0,0,0,0,0,0,0,0,0,0,0,0,0,0,0,0,0,0,0,0,0,0,0,0,0
203.0000,DASU-II,203.0000,0,0,1,1,3260.0000,1,0,3260.0000,500,500,1,0,0,0,0,0,,0,,0,,0,,0,,0,,0,,0,,0,,0,,0,0,0,0,0,0,0,0,0,0,0,0,0,0,0,0,0,0,0,0,0,0,0,0,0,0,0,0,0,0,0,0,0,,0,0,0,0,0,0.8,0,0,0,0,0,0,0,0,0,,0,0,0,0,0,0,0,0,0,0,0,0,0,0,0,0,0,0,0,0,0,0,0,0,0,0,0
234.0000,Jabori,234.0000,0,0,1,0,3.6000,1,0,3.6000,500,500,1,0,0,0,0,0,,0,,0,,0,,0,,0,,0,,0,,0,,0,,0,0,0,0,0,0,0,0,0,0,0,0,0,0,0,0,0,0,0,0,0,0,0,0,0,0,0,0,0,0,0,0,0,,0,0,0,0,0,0.8,0,0,0,0,0,0,0,0,0,,0,0,0,0,0,0,0,0,0,0,0,0,0,0,0,0,0,0,0,0,0,0,0,0,0,0,0
246.0000,Koto,246.0000,0,0,1,1,41.0000,1,0,41.0000,500,500,1,0,0,0,0,0,,0,,0,,0,,0,,0,,0,,0,,0,,0,,0,0,0,0,0,0,0,0,0,0,0,0,0,0,0,0,0,0,0,0,0,0,0,0,0,0,0,0,0,0,0,0,0,,0,0,0,0,0,0.8,0,0,0,0,0,0,0,0,0,,0,0,0,0,0,0,0,0,0,0,0,0,0,0,0,0,0,0,0,0,0,0,0,0,0,0,0
119.0000,Lawi,119.0000,0,0,1,1,69.0000,1,0,69.0000,500,500,1,0,0,0,0,0,,0,,0,,0,,0,,0,,0,,0,,0,,0,,0,0,0,0,0,0,0,0,0,0,0,0,0,0,0,0,0,0,0,0,0,0,0,0,0,0,0,0,0,0,0,0,0,,0,0,0,0,0,0.8,0,0,0,0,0,0,0,0,0,,0,0,0,0,0,0,0,0,0,0,0,0,0,0,0,0,0,0,0,0,0,0,0,0,0,0,0
244.0000,Machai,244.0000,0,0,1,1,2.6000,1,0,2.6000,500,500,1,0,0,0,0,0,,0,,0,,0,,0,,0,,0,,0,,0,,0,,0,0,0,0,0,0,0,0,0,0,0,0,0,0,0,0,0,0,0,0,0,0,0,0,0,0,0,0,0,0,0,0,0,,0,0,0,0,0,0.8,0,0,0,0,0,0,0,0,0,,0,0,0,0,0,0,0,0,0,0,0,0,0,0,0,0,0,0,0,0,0,0,0,0,0,0,0
236.0000,Matiltan,236.0000,0,0,1,1,84.0000,1,0,84.0000,500,500,1,0,0,0,0,0,,0,,0,,0,,0,,0,,0,,0,,0,,0,,0,0,0,0,0,0,0,0,0,0,0,0,0,0,0,0,0,0,0,0,0,0,0,0,0,0,0,0,0,0,0,0,0,,0,0,0,0,0,0.8,0,0,0,0,0,0,0,0,0,,0,0,0,0,0,0,0,0,0,0,0,0,0,0,0,0,0,0,0,0,0,0,0,0,0,0,0
120.0000,LautHpp,120.0000,0,0,1,1,49.0000,1,0,49.0000,500,500,1,0,0,0,0,0,,0,,0,,0,,0,,0,,0,,0,,0,,0,,0,0,0,0,0,0,0,0,0,0,0,0,0,0,0,0,0,0,0,0,0,0,0,0,0,0,0,0,0,0,0,0,0,,0,0,0,0,0,0.8,0,0,0,0,0,0,0,0,0,,0,0,0,0,0,0,0,0,0,0,0,0,0,0,0,0,0,0,0,0,0,0,0,0,0,0,0
121.0000,Harigel,121.0000,0,0,1,1,40.0000,1,0,40.0000,500,500,1,0,0,0,0,0,,0,,0,,0,,0,,0,,0,,0,,0,,0,,0,0,0,0,0,0,0,0,0,0,0,0,0,0,0,0,0,0,0,0,0,0,0,0,0,0,0,0,0,0,0,0,0,,0,0,0,0,0,0.8,0,0,0,0,0,0,0,0,0,,0,0,0,0,0,0,0,0,0,0,0,0,0,0,0,0,0,0,0,0,0,0,0,0,0,0,0
214.0000,GumatNar,214.0000,0,0,1,1,50.0000,1,0,50.0000,500,500,1,0,0,0,0,0,,0,,0,,0,,0,,0,,0,,0,,0,,0,,0,0,0,0,0,0,0,0,0,0,0,0,0,0,0,0,0,0,0,0,0,0,0,0,0,0,0,0,0,0,0,0,0,,0,0,0,0,0,0.8,0,0,0,0,0,0,0,0,0,,0,0,0,0,0,0,0,0,0,0,0,0,0,0,0,0,0,0,0,0,0,0,0,0,0,0,0
215.0000,Harpo,215.0000,0,0,1,1,34.5000,1,0,34.5000,500,500,1,0,0,0,0,0,,0,,0,,0,,0,,0,,0,,0,,0,,0,,0,0,0,0,0,0,0,0,0,0,0,0,0,0,0,0,0,0,0,0,0,0,0,0,0,0,0,0,0,0,0,0,0,,0,0,0,0,0,0.8,0,0,0,0,0,0,0,0,0,,0,0,0,0,0,0,0,0,0,0,0,0,0,0,0,0,0,0,0,0,0,0,0,0,0,0,0
216.0000,Phander,216.0000,0,0,1,1,80.0000,1,0,80.0000,500,500,1,0,0,0,0,0,,0,,0,,0,,0,,0,,0,,0,,0,,0,,0,0,0,0,0,0,0,0,0,0,0,0,0,0,0,0,0,0,0,0,0,0,0,0,0,0,0,0,0,0,0,0,0,,0,0,0,0,0,0.8,0,0,0,0,0,0,0,0,0,,0,0,0,0,0,0,0,0,0,0,0,0,0,0,0,0,0,0,0,0,0,0,0,0,0,0,0
217.0000,MohamendDam,217.0000,0,0,1,1,800.0000,1,0,800.0000,500,500,1,0,0,0,0,0,,0,,0,,0,,0,,0,,0,,0,,0,,0,,0,0,0,0,0,0,0,0,0,0,0,0,0,0,0,0,0,0,0,0,0,0,0,0,0,0,0,0,0,0,0,0,0,,0,0,0,0,0,0.8,0,0,0,0,0,0,0,0,0,,0,0,0,0,0,0,0,0,0,0,0,0,0,0,0,0,0,0,0,0,0,0,0,0,0,0,0
218.0000,AshkotHpp,218.0000,0,0,1,1,300.0000,1,0,300.0000,500,500,1,0,0,0,0,0,,0,,0,,0,,0,,0,,0,,0,,0,,0,,0,0,0,0,0,0,0,0,0,0,0,0,0,0,0,0,0,0,0,0,0,0,0,0,0,0,0,0,0,0,0,0,0,,0,0,0,0,0,0.8,0,0,0,0,0,0,0,0,0,,0,0,0,0,0,0,0,0,0,0,0,0,0,0,0,0,0,0,0,0,0,0,0,0,0,0,0
222.0000,Taunsa,222.0000,0,0,1,1,135.0000,1,0,135.0000,500,500,1,0,0,0,0,0,,0,,0,,0,,0,,0,,0,,0,,0,,0,,0,0,0,0,0,0,0,0,0,0,0,0,0,0,0,0,0,0,0,0,0,0,0,0,0,0,0,0,0,0,0,0,0,,0,0,0,0,0,0.8,0,0,0,0,0,0,0,0,0,,0,0,0,0,0,0,0,0,0,0,0,0,0,0,0,0,0,0,0,0,0,0,0,0,0,0,0
219.0000,Pehur,219.0000,0,0,1,0,18.0000,1,0,18.0000,500,500,1,0,0,0,0,0,,0,,0,,0,,0,,0,,0,,0,,0,,0,,0,0,0,0,0,0,0,0,0,0,0,0,0,0,0,0,0,0,0,0,0,0,0,0,0,0,0,0,0,0,0,0,0,,0,0,0,0,0,0.8,0,0,0,0,136.42714285714285,0,0,0,0,,0,0,0,0,0,0,0,0,0,0,0,0,0,0,0,0,0,0,0,0,0,0,0,0,0,0,0
204.0000,CHITRAL,204.0000,0,0,1,0,1.0000,1,0,1.0000,500,500,1,0,0,0,0,0,,0,,0,,0,,0,,0,,0,,0,,0,,0,,0,0,0,0,0,0,0,0,0,0,0,0,0,0,0,0,0,0,0,0,0,0,0,0,0,0,0,0,0,0,0,0,0,,0,0,0,0,0,0.8,0,0,0,0,1163.5714285714287,0,0,0,0,,0,0,0,0,0,0,0,0,0,0,0,0,0,0,0,0,0,0,0,0,0,0,0,0,0,0,0
205.0000,K_GARHI,205.0000,0,0,1,0,4.0000,1,0,4.0000,500,500,1,0,0,0,0,0,,0,,0,,0,,0,,0,,0,,0,,0,,0,,0,0,0,0,0,0,0,0,0,0,0,0,0,0,0,0,0,0,0,0,0,0,0,0,0,0,0,0,0,0,0,0,0,,0,0,0,0,0,0.8,0,0,0,0,918,0,0,0,0,,0,0,0,0,0,0,0,0,0,0,0,0,0,0,0,0,0,0,0,0,0,0,0,0,0,0,0
206.0000,DARGAI,206.0000,0,0,1,0,20.0000,1,0,20.0000,500,500,1,0,0,0,0,0,,0,,0,,0,,0,,0,,0,,0,,0,,0,,0,0,0,0,0,0,0,0,0,0,0,0,0,0,0,0,0,0,0,0,0,0,0,0,0,0,0,0,0,0,0,0,0,,0,0,0,0,0,0.8,0,0,0,0,802.9285714285714,0,0,0,0,,0,0,0,0,0,0,0,0,0,0,0,0,0,0,0,0,0,0,0,0,0,0,0,0,0,0,0
207.0000,JABBAN,207.0000,0,0,1,0,22.0000,1,0,22.0000,500,500,1,0,0,0,0,0,,0,,0,,0,,0,,0,,0,,0,,0,,0,,0,0,0,0,0,0,0,0,0,0,0,0,0,0,0,0,0,0,0,0,0,0,0,0,0,0,0,0,0,0,0,0,0,,0,0,0,0,0,0.8,0,0,0,0,955.9285714285714,0,0,0,0,,0,0,0,0,0,0,0,0,0,0,0,0,0,0,0,0,0,0,0,0,0,0,0,0,0,0,0
208.0000,GomalZam,208.0000,0,0,1,0,17.0000,1,0,17.0000,500,500,1,0,0,0,0,0,,0,,0,,0,,0,,0,,0,,0,,0,,0,,0,0,0,0,0,0,0,0,0,0,0,0,0,0,0,0,0,0,0,0,0,0,0,0,0,0,0,0,0,0,0,0,0,,0,0,0,0,0,0.8,0,0,0,0,889.7142857142857,0,0,0,0,,0,0,0,0,0,0,0,0,0,0,0,0,0,0,0,0,0,0,0,0,0,0,0,0,0,0,0
209.0000,Rasul,209.0000,0,0,1,0,22.0000,1,0,22.0000,500,500,1,0,0,0,0,0,,0,,0,,0,,0,,0,,0,,0,,0,,0,,0,0,0,0,0,0,0,0,0,0,0,0,0,0,0,0,0,0,0,0,0,0,0,0,0,0,0,0,0,0,0,0,0,,0,0,0,0,0,0.8,0,0,0,0,793.2857142857143,0,0,0,0,,0,0,0,0,0,0,0,0,0,0,0,0,0,0,0,0,0,0,0,0,0,0,0,0,0,0,0
210.0000,Shadiwal,210.0000,0,0,1,0,14.0000,1,0,14.0000,500,500,1,0,0,0,0,0,,0,,0,,0,,0,,0,,0,,0,,0,,0,,0,0,0,0,0,0,0,0,0,0,0,0,0,0,0,0,0,0,0,0,0,0,0,0,0,0,0,0,0,0,0,0,0,,0,0,0,0,0,0.8,0,0,0,0,892.9285714285716,0,0,0,0,,0,0,0,0,0,0,0,0,0,0,0,0,0,0,0,0,0,0,0,0,0,0,0,0,0,0,0
211.0000,Nandipur_H,211.0000,0,0,1,0,14.0000,1,0,14.0000,500,500,1,0,0,0,0,0,,0,,0,,0,,0,,0,,0,,0,,0,,0,,0,0,0,0,0,0,0,0,0,0,0,0,0,0,0,0,0,0,0,0,0,0,0,0,0,0,0,0,0,0,0,0,0,,0,0,0,0,0,0.8,0,0,0,0,889.0714285714287,0,0,0,0,,0,0,0,0,0,0,0,0,0,0,0,0,0,0,0,0,0,0,0,0,0,0,0,0,0,0,0
212.0000,Chichoki,212.0000,0,0,1,0,13.0000,1,0,13.0000,500,500,1,0,0,0,0,0,,0,,0,,0,,0,,0,,0,,0,,0,,0,,0,0,0,0,0,0,0,0,0,0,0,0,0,0,0,0,0,0,0,0,0,0,0,0,0,0,0,0,0,0,0,0,0,,0,0,0,0,0,0.8,0,0,0,0,875.5714285714287,0,0,0,0,,0,0,0,0,0,0,0,0,0,0,0,0,0,0,0,0,0,0,0,0,0,0,0,0,0,0,0
213.0000,Renala,213.0000,0,0,1,0,1.0000,1,0,1.0000,500,500,1,0,0,0,0,0,,0,,0,,0,,0,,0,,0,,0,,0,,0,,0,0,0,0,0,0,0,0,0,0,0,0,0,0,0,0,0,0,0,0,0,0,0,0,0,0,0,0,0,0,0,0,0,,0,0,0,0,0,0.8,0,0,0,0,1177.0714285714287,0,0,0,0,,0,0,0,0,0,0,0,0,0,0,0,0,0,0,0,0,0,0,0,0,0,0,0,0,0,0,0