!Num,...Nombre...,#Uni,Tipo,.PotIns,.GerMin,.GerMax,..Teif.,..Ih...,.CVaria,.MR.,Comb,...G1..,.CEsp.1,...G2..,.CEsp.2,...G3..,.CEsp.3,NAdF,...1,...2,...3,ComT,CTransp,StartUp,sfal,NGas,NuCC,..NombreCC..,CoefE.
1.0000,AES PAK GEN,1,0,350.0000,0,350.0000,0.06278538812785388,0.06278538812785388,44.955044955044954,0,5,100,0.00022964656233515036,0,0,0,0,0,0,0,0,0,0,0,0,0,0,0,0
2.0000,AES LALPIR,1,0,350.0000,0,350.0000,0.03424657534246575,0.03424657534246575,44.955044955044954,0,5,100,0.00022964656233515036,0,0,0,0,0,0,0,0,0,0,0,0,0,0,0,0
3.0000,KOHINOOR,1,0,124.0000,0,124.0000,0.06278538812785388,0.06278538812785388,156.89310689310688,0,5,100,0.00020749076841920168,0,0,0,0,0,0,0,0,0,0,0,0,0,0,0,0
5.0000,HABIBULLAH,1,0,129.1500,0,129.1500,0.06278538812785388,0.06278538812785388,131.86813186813185,0,1,100,0.008147590361445783,0,0,0,0,0,0,0,0,0,0,0,0,0,0,0,0
6.0000,FAUJI_KBRWL,1,0,151.2000,0,151.2000,0.06278538812785388,0.06278538812785388,197.2027972027972,0,2,100,0.009202849827149426,0,0,0,0,0,0,0,0,0,0,0,0,0,0,0,0
7.0000,SABA_PWR,1,0,125.5500,0,125.5500,0.06278538812785388,0.06278538812785388,44.955044955044954,0,5,100,0.0002268331281870934,0,0,0,0,0,0,0,0,0,0,0,0,0,0,0,0
8.0000,ROUSCH,1,0,395.0000,0,395.0000,0.06278538812785388,0.06278538812785388,73.42657342657343,0,2,100,0.008377703576692838,0,0,0,0,0,0,0,0,0,0,0,0,0,0,0,0
11.0000,LIBRTY_PWR,1,0,211.9090,0,211.9090,0.06278538812785388,0.06278538812785388,86.91308691308691,0,11,100,0.0054939759036144575,0,0,0,0,0,0,0,0,0,0,0,0,0,0,0,0
12.0000,DAVIS_ENERGY,1,0,10.2795,0,10.2795,0.06278538812785388,0.06278538812785388,134.86513486513485,0,2,100,0.010447289156626505,0,0,0,0,0,0,0,0,0,0,0,0,0,0,0,0
13.0000,UCH_PWR,1,0,549.2600,0,549.2600,0.06278538812785388,0.06278538812785388,46.574999999999996,0,12,100,0.0042722305017386985,0,0,0,0,0,0,0,0,0,0,0,0,0,0,0,0
16.0000,ALTERN PWR,1,0,28.9000,0,28.9000,0.06278538812785388,0.06278538812785388,179.82017982017982,0,2,100,0.0090316849274504,0,0,0,0,0,0,0,0,0,0,0,0,0,0,0,0
17.0000,HUBCO,1,0,1200.0000,0,1200.0000,0.06278538812785388,0.06278538812785388,55.74425574425573,0,5,100,0.00023574468085106384,0,0,0,0,0,0,0,0,0,0,0,0,0,0,0,0
18.0000,KAPCO_B1_RFO,1,0,341.0000,0,341.0000,0.06278538812785388,0.06278538812785388,127.44525547445254,0,5,100,0.00019020344287949922,0,0,0,0,0,0,0,0,0,0,0,0,0,0,0,0
19.0000,KAPCO-B1,1,0,354.0000,0,354.0000,0.06278538812785388,0.06278538812785388,73.44525547445255,0,1,100,0.00795528441658566,0,0,0,0,0,0,0,0,0,0,0,0,0,0,0,0
20.0000,KAPCO_B1_HSD,1,0,341.0000,0,341.0000,0.06278538812785388,0.06278538812785388,73.83941605839415,0,6,100,0.20906340057636888,0,0,0,0,0,0,0,0,0,0,0,0,0,0,0,0
21.0000,KAPCO-2 (RFO),1,0,746.0000,0,746.0000,0.06278538812785388,0.06278538812785388,0,0,5,100,0,0,0,0,0,0,0,0,0,0,0,0,0,0,0,0,0
22.0000,KAPCO-2 (GAS),1,0,774.0000,0,774.0000,0.06278538812785388,0.06278538812785388,0,0,1,100,0,0,0,0,0,0,0,0,0,0,0,0,0,0,0,0,0
23.0000,KAPCO-2 (HSD),1,0,746.0000,0,746.0000,0.06278538812785388,0.06278538812785388,0,0,6,100,0,0,0,0,0,0,0,0,0,0,0,0,0,0,0,0,0
24.0000,KAPCO_B3_HSD,1,0,249.0000,0,249.0000,0.06278538812785388,0.06278538812785388,250.81751824817516,0,6,100,0.23755043227665706,0,0,0,0,0,0,0,0,0,0,0,0,0,0,0,0
25.0000,KAPCO-B3,1,0,258.0000,0,258.0000,0.06278538812785388,0.06278538812785388,165.6788321167883,0,1,100,0.009011832534441726,0,0,0,0,0,0,0,0,0,0,0,0,0,0,0,0
26.0000,CHASHNUPP _1,1,0,500.0000,0,500.0000,0.06278538812785388,0.06278538812785388,26.031187122736416,1,8,100,1.0354,0,0,0,0,0,0,0,0,0,0,0,0,0,0,0,0
27.0000,CHASHNUPP_2,1,0,300.0000,0,300.0000,0.06278538812785388,0.06278538812785388,13.381352012158857,1,8,100,0.9348,0,0,0,0,0,0,0,0,0,0,0,0,0,0,0,0
30.0000,ATTOCK GEN,1,0,156.1810,0,156.1810,0.06278538812785388,0.06278538812785388,316.7861828396795,0,5,100,0.00019703621063899888,0,0,0,0,0,0,0,0,0,0,0,0,0,0,0,0
31.0000,ATLAS PWR,1,0,213.8560,0,213.8560,0.06278538812785388,0.06278538812785388,318.2714484631855,0,5,100,0.000196672600889082,0,0,0,0,0,0,0,0,0,0,0,0,0,0,0,0
32.0000,LBRTY_PWRTEC,1,0,196.1390,0,196.1390,0.06278538812785388,0.06278538812785388,348.4676844602981,0,5,100,0.00019670523321321074,0,0,0,0,0,0,0,0,0,0,0,0,0,0,0,0
33.0000,NISH_CHUN,1,0,195.7220,0,195.7220,0.06278538812785388,0.06278538812785388,319.8264456020645,0,5,100,0.00019670527388458673,0,0,0,0,0,0,0,0,0,0,0,0,0,0,0,0
34.0000,HALMORE_Gas,1,0,0.0000,0,0.0000,0.06278538812785388,0.06278538812785388,0,0,1,100,0,0,0,0,0,0,0,0,0,0,0,0,0,0,0,0,0
35.0000,Halmore_HSD,1,0,0.0000,0,0.0000,0.06278538812785388,0.06278538812785388,206.9790454016298,0,6,100,0.20706444650015418,0,0,0,0,0,0,0,0,0,0,0,0,0,0,0,0
36.0000,FOUND_DHARKI,1,0,167.1050,0,167.1050,0.06278538812785388,0.06278538812785388,131.9559982731459,0,1,100,0.007735820651703891,0,0,0,0,0,0,0,0,0,0,0,0,0,0,0,0
37.0000,SAIF_PWR_HSD,1,0,0.0000,0,0.0000,0.06278538812785388,0.06278538812785388,204.91071428571428,0,6,100,0.20709584722189123,0,0,0,0,0,0,0,0,0,0,0,0,0,0,0,0
38.0000,SAIF_POWER,1,0,203.1530,0,203.1530,0.06278538812785388,0.06278538812785388,141.96428571428572,0,2,100,0.007605361158898724,0,0,0,0,0,0,0,0,0,0,0,0,0,0,0,0
39.0000,SAPPHIRE_HSD,1,0,0.0000,0,0.0000,0.06278538812785388,0.06278538812785388,201.27174565086983,0,6,100,0.20707072135785007,0,0,0,0,0,0,0,0,0,0,0,0,0,0,0,0
40.0000,SAPPHIRE,1,0,202.3920,0,202.3920,0.06278538812785388,0.06278538812785388,139.45410917816437,0,2,100,0.007589579201869007,0,0,0,0,0,0,0,0,0,0,0,0,0,0,0,0
41.0000,HUBCO-NRWL,1,0,213.8200,0,213.8200,0.06278538812785388,0.06278538812785388,273.3496292129588,0,5,100,0.0001873257067880194,0,0,0,0,0,0,0,0,0,0,0,0,0,0,0,0
42.0000,NISHAT_PWR,1,0,195.3050,0,195.3050,0.06278538812785388,0.06278538812785388,320.3699937516498,0,5,100,0.0001967044668521699,0,0,0,0,0,0,0,0,0,0,0,0,0,0,0,0
43.0000,ORNT_PWR_HSD,1,0,0.0000,0,0.0000,0.06278538812785388,0.06278538812785388,133.7142857142857,0,6,100,0.20710076421714596,0,0,0,0,0,0,0,0,0,0,0,0,0,0,0,0
44.0000,ORIENT_PWR,1,0,202.5710,0,202.5710,0.06278538812785388,0.06278538812785388,81.55900621118012,0,2,100,0.0076050637037841946,0,0,0,0,0,0,0,0,0,0,0,0,0,0,0,0
45.0000,Engro_PWR,1,0,212.2490,0,212.2490,0.06278538812785388,0.06278538812785388,117.02397803280218,0,1,100,0.008587083299427672,0,0,0,0,0,0,0,0,0,0,0,0,0,0,0,0
46.0000,Engro_PWR_SD,1,0,207467.0000,0,207467.0000,0.06278538812785388,0.06278538812785388,115.90424783902021,0,6,100,0.222957856807144,0,0,0,0,0,0,0,0,0,0,0,0,0,0,0,0
47.0000,UCH-II,1,0,355.4200,0,355.4200,0.06278538812785388,0.06278538812785388,81.78204312823775,0,1,100,0.007922300947355253,0,0,0,0,0,0,0,0,0,0,0,0,0,0,0,0
50.0000,HALMORE,1,0,197.3410,0,197.3410,0.06278538812785388,0.06278538812785388,117.3,0,2,100,0.007590225986583219,0,0,0,0,0,0,0,0,0,0,0,0,0,0,0,0
71.0000,JDW-II,1,0,24.3700,0,24.3700,0.06278538812785388,0.06278538812785388,177.4630915445723,1,7,100,0.0020167687603456236,0,0,0,0,0,0,0,0,0,0,0,0,0,0,0,0
72.0000,JDW-III,1,0,24.4100,0,24.4100,0.06278538812785388,0.06278538812785388,177.4630915445723,1,7,100,0.0020167687603456236,0,0,0,0,0,0,0,0,0,0,0,0,0,0,0,0
73.0000,RYKML,1,0,20.7300,0,20.7300,0.06278538812785388,0.06278538812785388,177.4630915445723,1,7,100,0.0020167687603456236,0,0,0,0,0,0,0,0,0,0,0,0,0,0,0,0
74.0000,CHINIOT_PWR,1,0,56.7800,0,56.7800,0.06278538812785388,0.06278538812785388,177.4630915445723,1,7,100,0.0020167687603456236,0,0,0,0,0,0,0,0,0,0,0,0,0,0,0,0
81.0000,GRANGE_PWR,1,0,,0,,0.06278538812785388,0.06278538812785388,0,0,3,100,0,0,0,0,0,0,0,0,0,0,0,0,0,0,0,0,0
82.0000,PORT_QASIM,1,0,1242.9500,0,1242.9500,0.06278538812785388,0.06278538812785388,42.23640551869472,0,3,100,0.00034242738589211613,0,0,0,0,0,0,0,0,0,0,0,0,0,0,0,0
83.0000,ENGRO_PWRGEN,1,0,602.6000,0,602.6000,0.06278538812785388,0.06278538812785388,566.7492790937179,0,4,100,0.0008380311256400779,0,0,0,0,0,0,0,0,0,0,0,0,0,0,0,0
84.0000,HUANENG_ENRG,1,0,1243.5170,0,1243.5170,0.06278538812785388,0.06278538812785388,43.35541965127809,0,3,100,0.0003611539875045939,0,0,0,0,0,0,0,0,0,0,0,0,0,0,0,0
85.0000,LUCKY_PWR,1,0,606.5930,0,606.5930,0.06278538812785388,0.06278538812785388,0,0,4,100,0,0,0,0,0,0,0,0,0,0,0,0,0,0,0,0,0
86.0000,Gawadar Coal,1,0,300.0000,0,300.0000,0.06278538812785388,0.06278538812785388,0,0,3,100,0,0,0,0,0,0,0,0,0,0,0,0,0,0,0,0,0
87.0000,SHANGAI_THAR,1,0,1320.0000,0,1320.0000,0.06278538812785388,0.06278538812785388,0,0,4,100,0,0,0,0,0,0,0,0,0,0,0,0,0,0,0,0,0
88.0000,HUBCO_CPIH_1,1,0,1249.1000,0,1249.1000,0.06278538812785388,0.06278538812785388,257.13832602809185,0,3,100,0.00034242738589211613,0,0,0,0,0,0,0,0,0,0,0,0,0,0,0,0
89.0000,ORACLE_COAL,1,0,0.0000,0,0.0000,0.06278538812785388,0.06278538812785388,0,0,4,100,0,0,0,0,0,0,0,0,0,0,0,0,0,0,0,0,0
90.0000,JAMSHORO,1,0,1243.5200,0,1243.5200,0.06278538812785388,0.06278538812785388,0,0,3,100,0,0,0,0,0,0,0,0,0,0,0,0,0,0,0,0,0
91.0000,SIDDIQSONS,1,0,303.6000,0,303.6000,0.06278538812785388,0.06278538812785388,0,0,4,100,0,0,0,0,0,0,0,0,0,0,0,0,0,0,0,0,0
92.0000,THAR_ENERGY,1,0,300.3000,0,300.3000,0.06278538812785388,0.06278538812785388,0,0,4,100,0,0,0,0,0,0,0,0,0,0,0,0,0,0,0,0,0
93.0000,BHIKKI,1,0,1139.4800,0,1139.4800,0.06278538812785388,0.06278538812785388,135.81428571428572,0,14,100,0.006209795918367346,0,0,0,0,0,0,0,0,0,0,0,0,0,0,0,0
94.0000,BHIKKI_HSD,1,0,1067.2520,0,1067.2520,0.06278538812785388,0.06278538812785388,195.94285714285712,0,6,100,0.18291928154079204,0,0,0,0,0,0,0,0,0,0,0,0,0,0,0,0
95.0000,BallokiRLNG,1,0,1179.9530,0,1179.9530,0.06278538812785388,0.06278538812785388,134.7,0,14,100,0.006206122448979591,0,0,0,0,0,0,0,0,0,0,0,0,0,0,0,0
96.0000,Balloki_HSD,1,0,,0,,0.06278538812785388,0.06278538812785388,194.35714285714283,0,6,100,0.18719122280430284,0,0,0,0,0,0,0,0,0,0,0,0,0,0,0,0
97.0000,HAVELI_BHDSH,1,0,1188.7760,0,1188.7760,0.06278538812785388,0.06278538812785388,134.82857142857142,0,14,100,0.0061247619047619046,0,0,0,0,0,0,0,0,0,0,0,0,0,0,0,0
98.0000,HAVELIBH_HSD,1,0,,0,,0.06278538812785388,0.06278538812785388,194.57142857142856,0,6,100,0.1857673521132012,0,0,0,0,0,0,0,0,0,0,0,0,0,0,0,0
99.0000,NOORIABAD,1,0,,0,,0.06278538812785388,0.06278538812785388,134.7,0,2,100,0.00613251700680272,0,0,0,0,0,0,0,0,0,0,0,0,0,0,0,0
100.0000,NURIABADPHSD,1,0,0.0000,0,0.0000,0.06278538812785388,0.06278538812785388,194.35714285714283,0,6,100,0.1738153868791303,0,0,0,0,0,0,0,0,0,0,0,0,0,0,0,0
124.0000,KOTRI_B3LNG,1,0,0.0000,0,0.0000,0.06278538812785388,0.06278538812785388,17.200413223140494,0,2,100,0.009818923317800097,0,0,0,0,0,0,0,0,0,0,0,0,0,0,0,0
130.0000,JMSH1_B1,1,0,182.4500,0,182.4500,0.06278538812785388,0.06278538812785388,17.200413223140494,0,5,100,0.0002682126836495329,0,0,0,0,0,0,0,0,0,0,0,0,0,0,0,0
131.0000,JMSH2_B2_RFO,1,0,0.0000,0,0.0000,0.06278538812785388,0.06278538812785388,17.200413223140494,0,5,100,0.00030120992633441703,0,0,0,0,0,0,0,0,0,0,0,0,0,0,0,0
132.0000,JMSH2_B2,1,0,154.7300,0,154.7300,0.06278538812785388,0.06278538812785388,19.82142857142857,0,1,100,0.012191319721877496,0,0,0,0,0,0,0,0,0,0,0,0,0,0,0,0
133.0000,JMSH3_B2_RFO,1,0,0.0000,0,0.0000,0.06278538812785388,0.06278538812785388,17.200413223140494,0,5,100,0.00029309710962042334,0,0,0,0,0,0,0,0,0,0,0,0,0,0,0,0
134.0000,JMSH3_B2,1,0,155.3600,0,155.3600,0.06278538812785388,0.06278538812785388,19.82142857142857,0,1,100,0.01186729680567125,0,0,0,0,0,0,0,0,0,0,0,0,0,0,0,0
135.0000,JMSH4_B2_RFO,1,0,0.0000,0,0.0000,0.06278538812785388,0.06278538812785388,17.200413223140494,0,5,100,0.00028692538787604427,0,0,0,0,0,0,0,0,0,0,0,0,0,0,0,0
136.0000,JMSH4_B2,1,0,156.4800,0,156.4800,0.06278538812785388,0.06278538812785388,19.82142857142857,0,1,100,0.011648844839603555,0,0,0,0,0,0,0,0,0,0,0,0,0,0,0,0
137.0000,KOTRI_B3,1,0,71.5000,0,71.5000,0.06278538812785388,0.06278538812785388,19.82142857142857,0,1,100,0.010236982132839195,0,0,0,0,0,0,0,0,0,0,0,0,0,0,0,0
138.0000,GENCO-I Kotri (GAS) Block-III SCP,1,0,0.0000,0,0.0000,0.06278538812785388,0.06278538812785388,19.82142857142857,0,1,100,0,0,0,0,0,0,0,0,0,0,0,0,0,0,0,0,0
139.0000,GUDDU_B1,1,0,260.0000,0,260.0000,0.06278538812785388,0.06278538812785388,12.81198347107438,0,1,100,0.008532931516422083,0,0,0,0,0,0,0,0,0,0,0,0,0,0,0,0
140.0000,GUDDU_B2,1,0,360.0000,0,360.0000,0.06278538812785388,0.06278538812785388,12.81198347107438,0,1,100,0.009480695317959469,0,0,0,0,0,0,0,0,0,0,0,0,0,0,0,0
141.0000,GUDDU_B3_RFO,1,0,0.0000,0,0.0000,0.06278538812785388,0.06278538812785388,12.81198347107438,0,5,100,0.00027884483395808037,0,0,0,0,0,0,0,0,0,0,0,0,0,0,0,0
142.0000,GUDDU_B3,1,0,,0,,0.06278538812785388,0.06278538812785388,12.81198347107438,0,1,100,0.01137665967854647,0,0,0,0,0,0,0,0,0,0,0,0,0,0,0,0
143.0000,GUDDU_B4,1,0,0.0000,0,0.0000,0.06278538812785388,0.06278538812785388,12.81198347107438,0,1,100,0.012189028651292802,0,0,0,0,0,0,0,0,0,0,0,0,0,0,0,0
144.0000,Guddu_747,1,0,720.7900,0,720.7900,0.06278538812785388,0.06278538812785388,134.86953913825852,0,1,100,0.0069370824337419024,0,0,0,0,0,0,0,0,0,0,0,0,0,0,0,0
145.0000,LakhraCoal,1,0,30.0000,0,30.0000,0.06278538812785388,0.06278538812785388,44.42142857142857,0,4,100,0.0011357395254921756,0,0,0,0,0,0,0,0,0,0,0,0,0,0,0,0
146.0000,NANDIPUR,1,0,286.2000,0,286.2000,0.06278538812785388,0.06278538812785388,151.99115044247787,0,2,100,0.006963227687388319,0,0,0,0,0,0,0,0,0,0,0,0,0,0,0,0
147.0000,GENCO-V Nandipur (HSD) GT,1,0,0.0000,0,0.0000,0.06278538812785388,0.06278538812785388,0,0,6,100,0,0,0,0,0,0,0,0,0,0,0,0,0,0,0,0,0
148.0000,MZFRGRH1_B1,1,0,190.0000,0,190.0000,0.06278538812785388,0.06278538812785388,32.31002272153496,0,5,100,0.00027276410256410255,0,0,0,0,0,0,0,0,0,0,0,0,0,0,0,0
149.0000,MGARH2_B1RFO,1,0,0.0000,0,0.0000,0.06278538812785388,0.06278538812785388,32.31002272153496,0,5,100,0.00027645897435897435,0,0,0,0,0,0,0,0,0,0,0,0,0,0,0,0
150.0000,MGARH3_B1RFO,1,0,0.0000,0,0.0000,0.06278538812785388,0.06278538812785388,32.31002272153496,0,5,100,0.00026690000000000004,0,0,0,0,0,0,0,0,0,0,0,0,0,0,0,0
151.0000,MGARH4_B2RFO,1,0,0.0000,0,0.0000,0.06278538812785388,0.06278538812785388,32.31002272153496,0,5,100,0.0002665025641025641,0,0,0,0,0,0,0,0,0,0,0,0,0,0,0,0
152.0000,MZFRGRH5_B3,1,0,181.4400,0,181.4400,0.06278538812785388,0.06278538812785388,32.31002272153496,0,5,100,0.0002837717948717949,0,0,0,0,0,0,0,0,0,0,0,0,0,0,0,0
153.0000,MZFRGRH6_B3,1,0,173.8800,0,173.8800,0.06278538812785388,0.06278538812785388,32.31002272153496,0,5,100,0.00029153333333333334,0,0,0,0,0,0,0,0,0,0,0,0,0,0,0,0
154.0000,SPS_FSD_B5,1,0,,0,,0.06278538812785388,0.06278538812785388,30.355970714466043,0,1,100,0.015155126396137565,0,0,0,0,0,0,0,0,0,0,0,0,0,0,0,0
155.0000,G3SPSFsdFOB5,1,0,,0,,0.06278538812785388,0.06278538812785388,30.355970714466043,0,5,100,0.0003536666666666666,0,0,0,0,0,0,0,0,0,0,0,0,0,0,0,0
156.0000,GTPS_FSD_B4,1,0,117.0000,0,117.0000,0.06278538812785388,0.06278538812785388,27.265841959101234,0,1,100,0.00906533158798429,0,0,0,0,0,0,0,0,0,0,0,0,0,0,0,0
157.0000,GTPS_FSD_B6,1,0,,0,,0.06278538812785388,0.06278538812785388,27.265841959101234,0,1,100,0.01620879587916291,0,0,0,0,0,0,0,0,0,0,0,0,0,0,0,0
162.0000,CHASHMA_3,1,0,340.0000,0,340.0000,0.06278538812785388,0.06278538812785388,4.460450670719619,1,8,100,1.1201,0,0,0,0,0,0,0,0,0,0,0,0,0,0,0,0
165.0000,CHASHMA_4,1,0,340.0000,0,340.0000,0.06278538812785388,0.06278538812785388,4.460450670719619,1,8,100,1.0675,0,0,0,0,0,0,0,0,0,0,0,0,0,0,0,0
186.0000,HUB_THR_B2,1,0,300.3000,0,300.3000,0.06278538812785388,0.06278538812785388,0,0,4,100,0,0,0,0,0,0,0,0,0,0,0,0,0,0,0,0,0
187.0000,THLNO_THR_B2,1,0,300.3000,0,300.3000,0.06278538812785388,0.06278538812785388,0,0,4,100,0,0,0,0,0,0,0,0,0,0,0,0,0,0,0,0,0
188.0000,KHI_COSTL,1,0,2200.0000,0,2200.0000,0.06278538812785388,0.06278538812785388,0,1,8,100,0,0,0,0,0,0,0,0,0,0,0,0,0,0,0,0,0
195.0000,CHASHNUPP_5,1,0,1100.0000,0,1100.0000,0.06278538812785388,0.06278538812785388,0,1,8,100,0,0,0,0,0,0,0,0,0,0,0,0,0,0,0,0,0
202.0000,FATIMA_ENGY,1,0,118.0000,0,118.0000,0.06278538812785388,0.06278538812785388,199.89040773961065,1,7,100,0.001756709372892785,0,0,0,0,0,0,0,0,0,0,0,0,0,0,0,0
223.0000,TAY,1,0,489.5000,0,489.5000,0.06278538812785388,0.06278538812785388,0,1,7,100,0,0,0,0,0,0,0,0,0,0,0,0,0,0,0,0,0
224.0000,Alman,1,0,34.5000,0,34.5000,0.06278538812785388,0.06278538812785388,0,1,7,100,0,0,0,0,0,0,0,0,0,0,0,0,0,0,0,0,0
225.0000,ThalIndus,1,0,20.0000,0,20.0000,0.06278538812785388,0.06278538812785388,0,1,7,100,0,0,0,0,0,0,0,0,0,0,0,0,0,0,0,0,0
226.0000,RaniPur,1,0,60.0000,0,60.0000,0.06278538812785388,0.06278538812785388,0,1,7,100,0,0,0,0,0,0,0,0,0,0,0,0,0,0,0,0,0
227.0000,Digri Gen,1,0,25.0000,0,25.0000,0.06278538812785388,0.06278538812785388,0,1,7,100,0,0,0,0,0,0,0,0,0,0,0,0,0,0,0,0,0
228.0000,Popular,1,0,30.0000,0,30.0000,0.06278538812785388,0.06278538812785388,0,1,7,100,0,0,0,0,0,0,0,0,0,0,0,0,0,0,0,0,0
229.0000,Darya khan,1,0,40.0000,0,40.0000,0.06278538812785388,0.06278538812785388,0,1,7,100,0,0,0,0,0,0,0,0,0,0,0,0,0,0,0,0,0
230.0000,Almaghni,1,0,40.0000,0,40.0000,0.06278538812785388,0.06278538812785388,0,1,7,100,0,0,0,0,0,0,0,0,0,0,0,0,0,0,0,0,0
231.0000,RLNG Trimun,1,0,1242.7000,0,1242.7000,0.06278538812785388,0.06278538812785388,0,0,14,100,0,0,0,0,0,0,0,0,0,0,0,0,0,0,0,0,0
241.0000,HamzaSMill,1,0,45.0000,0,45.0000,0.06278538812785388,0.06278538812785388,0,1,7,100,0,0,0,0,0,0,0,0,0,0,0,0,0,0,0,0,0
242.0000,RYKEnergy,1,0,25.0000,0,25.0000,0.06278538812785388,0.06278538812785388,0,1,7,100,0,0,0,0,0,0,0,0,0,0,0,0,0,0,0,0,0
243.0000,TwoStarInd,1,0,49.0000,0,49.0000,0.06278538812785388,0.06278538812785388,0,1,7,100,0,0,0,0,0,0,0,0,0,0,0,0,0,0,0,0,0
247.0000,HAMZA_SUG,1,0,13.6900,0,13.6900,0.06278538812785388,0.06278538812785388,177.4630915445723,1,7,100,0.002016700771660604,0,0,0,0,0,0,0,0,0,0,0,0,0,0,0,0
248.0000,ALMOIZ,1,0,20.6500,0,20.6500,0.06278538812785388,0.06278538812785388,177.4630915445723,1,7,100,0.002016700771660604,0,0,0,0,0,0,0,0,0,0,0,0,0,0,0,0
249.0000,CHANNAR,1,0,20.7800,0,20.7800,0.06278538812785388,0.06278538812785388,186.1065228274274,1,7,100,0.002016700771660604,0,0,0,0,0,0,0,0,0,0,0,0,0,0,0,0
250.0000,ETIHAD,1,0,,0,,0.06278538812785388,0.06278538812785388,0,1,7,100,0,0,0,0,0,0,0,0,0,0,0,0,0,0,0,0,0
251.0000,RESHMA_PWR,1,0,85.0000,0,85.0000,0.06278538812785388,0.06278538812785388,197.0900402414487,0,5,100,0.00022932,0,0,0,0,0,0,0,0,0,0,0,0,0,0,0,0
252.0000,SHAHTAJ,1,0,32.0000,0,32.0000,0.06278538812785388,0.06278538812785388,0,1,7,100,0,0,0,0,0,0,0,0,0,0,0,0,0,0,0,0,0
253.0000,HUNZA,1,0,50.0000,0,50.0000,0.06278538812785388,0.06278538812785388,0,1,7,100,0,0,0,0,0,0,0,0,0,0,0,0,0,0,0,0,0
254.0000,Sheikho,1,0,30.0000,0,30.0000,0.06278538812785388,0.06278538812785388,0,1,7,100,0,0,0,0,0,0,0,0,0,0,0,0,0,0,0,0,0
255.0000,Indus,1,0,31.0000,0,31.0000,0.06278538812785388,0.06278538812785388,0,1,7,100,0,0,0,0,0,0,0,0,0,0,0,0,0,0,0,0,0
256.0000,Faran,1,0,27.0000,0,27.0000,0.06278538812785388,0.06278538812785388,0,1,7,100,0,0,0,0,0,0,0,0,0,0,0,0,0,0,0,0,0
257.0000,Ms-Layyah,1,0,22.4100,0,22.4100,0.06278538812785388,0.06278538812785388,174.669894128343,1,7,100,0.001945231987000772,0,0,0,0,0,0,0,0,0,0,0,0,0,0,0,0
258.0000,Itefaq,1,0,31.0000,0,31.0000,0.06278538812785388,0.06278538812785388,0,1,7,100,0,0,0,0,0,0,0,0,0,0,0,0,0,0,0,0,0
259.0000,Bahawalpur,1,0,31.0000,0,31.0000,0.06278538812785388,0.06278538812785388,0,1,7,100,0,0,0,0,0,0,0,0,0,0,0,0,0,0,0,0,0
260.0000,Mirpurkhas,1,0,26.0000,0,26.0000,0.06278538812785388,0.06278538812785388,0,1,7,100,0,0,0,0,0,0,0,0,0,0,0,0,0,0,0,0,0
261.0000,Mehran,1,0,27.0000,0,27.0000,0.06278538812785388,0.06278538812785388,0,1,7,100,0,0,0,0,0,0,0,0,0,0,0,0,0,0,0,0,0
262.0000,Kashmir,1,0,40.0000,0,40.0000,0.06278538812785388,0.06278538812785388,0,1,7,100,0,0,0,0,0,0,0,0,0,0,0,0,0,0,0,0,0
263.0000,Alliance,1,0,30.0000,0,30.0000,0.06278538812785388,0.06278538812785388,0,1,7,100,0,0,0,0,0,0,0,0,0,0,0,0,0,0,0,0,0
264.0000,Habibsgrmill,1,0,27.0000,0,27.0000,0.06278538812785388,0.06278538812785388,0,1,7,100,0,0,0,0,0,0,0,0,0,0,0,0,0,0,0,0,0
265.0000,Sadiqabad,1,0,45.0000,0,45.0000,0.06278538812785388,0.06278538812785388,0,1,7,100,0,0,0,0,0,0,0,0,0,0,0,0,0,0,0,0,0
266.0000,Gotki,1,0,45.0000,0,45.0000,0.06278538812785388,0.06278538812785388,0,1,7,100,0,0,0,0,0,0,0,0,0,0,0,0,0,0,0,0,0
267.0000,HbibulahEngy,1,0,,0,,0.06278538812785388,0.06278538812785388,0,0,5,100,NaN,0,0,0,0,0,0,0,0,0,0,0,0,0,0,0,0
269.0000,G1KtriB3HSD,1,0,,0,,0.06278538812785388,0.06278538812785388,0,0,6,100,NaN,0,0,0,0,0,0,0,0,0,0,0,0,0,0,0,0
270.0000,G1KtriB4HSD,1,0,0.0000,0,0.0000,0.06278538812785388,0.06278538812785388,0,0,6,100,NaN,0,0,0,0,0,0,0,0,0,0,0,0,0,0,0,0
271.0000,MGARH1_B1LNG,1,0,0.0000,0,0.0000,0.06278538812785388,0.06278538812785388,26.442148760330575,0,2,100,0.011300361881785282,0,0,0,0,0,0,0,0,0,0,0,0,0,0,0,0
272.0000,MZFRGRH2_B1,1,0,182.5000,0,182.5000,0.06278538812785388,0.06278538812785388,26.442148760330575,0,2,100,0.011449319317594348,0,0,0,0,0,0,0,0,0,0,0,0,0,0,0,0
273.0000,MZFRGRH3_B1,1,0,183.5000,0,183.5000,0.06278538812785388,0.06278538812785388,27.09706924806585,0,2,100,0.011064621747372048,0,0,0,0,0,0,0,0,0,0,0,0,0,0,0,0
274.0000,MZFRGRH4_B2,1,0,272.2000,0,272.2000,0.06278538812785388,0.06278538812785388,26.442148760330575,0,2,100,0.01104897466827503,0,0,0,0,0,0,0,0,0,0,0,0,0,0,0,0
275.0000,MGARH5_B3LNG,1,0,0.0000,0,0.0000,0.06278538812785388,0.06278538812785388,26.442148760330575,0,2,100,0.011742822677925212,0,0,0,0,0,0,0,0,0,0,0,0,0,0,0,0
276.0000,MGARH6_B3LNG,1,0,0.0000,0,0.0000,0.06278538812785388,0.06278538812785388,26.442148760330575,0,2,100,0.012053420644494228,0,0,0,0,0,0,0,0,0,0,0,0,0,0,0,0
277.0000,GULF PWR,1,0,62.0000,0,62.0000,0.06278538812785388,0.06278538812785388,0,0,5,100,0.00022932,0,0,0,0,0,0,0,0,0,0,0,0,0,0,0,0
278.0000,GTPS_FSDB4LN,1,0,0.0000,0,0.0000,0.06278538812785388,0.06278538812785388,26.865671641791046,0,2,100,0.00906533158798429,0,0,0,0,0,0,0,0,0,0,0,0,0,0,0,0
279.0000,KAPCO_B1_LNG,1,0,330.0000,0,330.0000,0.06278538812785388,0.06278538812785388,73.44525547445255,0,2,100,0.007944558039754634,0,0,0,0,0,0,0,0,0,0,0,0,0,0,0,0
280.0000,KAPCO-2 (RLNG),1,0,330.0000,0,330.0000,0.06278538812785388,0.06278538812785388,0,0,2,100,0,0,0,0,0,0,0,0,0,0,0,0,0,0,0,0,0
281.0000,KAPCO_B3_LNG,1,0,330.0000,0,330.0000,0.06278538812785388,0.06278538812785388,165.6788321167883,0,2,100,0.009011832534441726,0,0,0,0,0,0,0,0,0,0,0,0,0,0,0,0
282.0000,KAPCO-B2-132,1,0,0.0000,0,0.0000,0.06278538812785388,0.06278538812785388,85.92700729927007,0,1,100,0.008713169979552845,0,0,0,0,0,0,0,0,0,0,0,0,0,0,0,0
283.0000,KAP_B2_132LN,1,0,0.0000,0,0.0000,0.06278538812785388,0.06278538812785388,85.92700729927007,0,2,100,0.008713840378104784,0,0,0,0,0,0,0,0,0,0,0,0,0,0,0,0
284.0000,KAP_B2_132FO,1,0,0.0000,0,0.0000,0.06278538812785388,0.06278538812785388,179.34306569343067,0,5,100,0.00020876369327073554,0,0,0,0,0,0,0,0,0,0,0,0,0,0,0,0
285.0000,KAP_B2_132HS,1,0,0.0000,0,0.0000,0.06278538812785388,0.06278538812785388,99.32846715328468,0,6,100,0.22945244956772334,0,0,0,0,0,0,0,0,0,0,0,0,0,0,0,0
286.0000,KAPCO-B2-220,1,0,0.0000,0,0.0000,0.06278538812785388,0.06278538812785388,85.92700729927007,0,1,100,0.008713840378104784,0,0,0,0,0,0,0,0,0,0,0,0,0,0,0,0
287.0000,KAP-B2-220LN,1,0,0.0000,0,0.0000,0.06278538812785388,0.06278538812785388,85.92700729927007,0,2,100,0.008713840378104784,0,0,0,0,0,0,0,0,0,0,0,0,0,0,0,0
288.0000,KAP-B2-220FO,1,0,0.0000,0,0.0000,0.06278538812785388,0.06278538812785388,179.34306569343067,0,5,100,0.00020876369327073554,0,0,0,0,0,0,0,0,0,0,0,0,0,0,0,0
289.0000,KAP-B2-220HS,1,0,0.0000,0,0.0000,0.06278538812785388,0.06278538812785388,99.32846715328468,0,6,100,0.22945244956772334,0,0,0,0,0,0,0,0,0,0,0,0,0,0,0,0
291.0000,JMSH2_B2_LNG,1,0,0.0000,0,0.0000,0.06278538812785388,0.06278538812785388,17.200413223140494,0,2,100,0.011816707820458076,0,0,0,0,0,0,0,0,0,0,0,0,0,0,0,0
293.0000,JMSH3_B2_LNG,1,0,0.0000,0,0.0000,0.06278538812785388,0.06278538812785388,17.200413223140494,0,2,100,0.011507714015186675,0,0,0,0,0,0,0,0,0,0,0,0,0,0,0,0
295.0000,JMSH4_B2_LNG,1,0,0.0000,0,0.0000,0.06278538812785388,0.06278538812785388,17.200413223140494,0,2,100,0.011268015272371734,0,0,0,0,0,0,0,0,0,0,0,0,0,0,0,0
296.0000,JMSH4_B2_Mix,1,0,,0,,0.06278538812785388,0.06278538812785388,0,0,2,100,NaN,0,0,0,0,0,0,0,0,0,0,0,0,0,0,0,0
297.0000,GUDDU_B3_MIX,1,0,,0,,0.06278538812785388,0.06278538812785388,0,0,2,100,NaN,0,0,0,0,0,0,0,0,0,0,0,0,0,0,0,0
299.0000,Mix(Captive),1,0,,0,,0.06278538812785388,0.06278538812785388,0,0,19,100,10,0,0,0,0,0,0,0,0,0,0,0,0,0,0,0,0